question,answers
What is a tax?,"A tax is a financial charge or levy imposed by the government on individuals, businesses, or property to fund public services and infrastructure."
What are income taxes?,Income taxes are taxes imposed on the earnings of individuals and businesses. The amount depends on the income level.
What is sales tax?,"Sales tax is a tax levied on the sale of goods and services, usually calculated as a percentage of the purchase price"
What is the difference between direct and indirect taxes?,"Direct taxes are paid directly by individuals to the government (e.g., income tax), while indirect taxes are paid by consumers when purchasing goods and services (e.g., sales tax)."
What is a tax bracket?,A tax bracket is a range of income levels that are taxed at a specific rate. Higher income levels often fall into higher tax brackets.
What is a tax refund?,A tax refund occurs when a taxpayer has paid more taxes than they owe. The government returns the excess amount.
What is VAT (Value Added Tax)?,VAT is a consumption tax placed on a product whenever value is added at each stage of production and at the final sale.
What is the purpose of tax deductions?,"Tax deductions reduce taxable income, helping lower the amount of tax owed by a taxpayer."
What is corporate tax?,Corporate tax is a tax imposed on the profits of companies or corporations.
What is a tax audit?,A tax audit is an examination of a taxpayer's financial records by the government to ensure the accuracy of tax filings and compliance with tax laws.
